position_name,avg_play_minute
point_guard,34.34189189189191
shooting_guard,34.495402298850575
small_forward,34.173913043478255
power_forward,32.42571428571428
center,30.247692307692308
